train_loss,train_acc,val_loss,val_acc,val_f1_macro,val_f1_weighted
0.7389962269063992,0.4129746835443038,0.12205402536783368,0.8050314465408805,0.790672789219301,0.8081640443147683
0.22072586234470334,0.7373417721518988,0.05882301843812456,0.9371069182389937,0.9308278624260032,0.9366708020513734
0.13920929194781692,0.8164556962025317,0.05045096013272996,0.9559748427672956,0.9490949850881857,0.9555714965010611
0.1150770816831154,0.8670886075949367,0.07484430154636357,0.9433962264150944,0.9370961074011224,0.9410884742320783
0.06681908144118891,0.9224683544303798,0.12255654086038703,0.9371069182389937,0.9261521074815834,0.9333537571272048
0.07984745927993411,0.9319620253164557,0.0836595025573729,0.9433962264150944,0.9321612256245284,0.9415618230076427
0.032954683106278845,0.9572784810126582,0.0857691673629688,0.9559748427672956,0.9482111934163807,0.9549069399726494
0.03624388107690248,0.9667721518987342,0.08011748411746708,0.949685534591195,0.9420865491373922,0.9478583369790042
