train_loss,train_acc,val_loss,val_acc,val_f1_macro,val_f1_weighted
0.7603898684439414,0.37683823529411764,0.13561983153017032,0.7664233576642335,0.7798215500302786,0.7618093293781323
0.20627356849282102,0.7444852941176471,0.08832753342317624,0.8905109489051095,0.8930839918959305,0.8902349160621914
0.12925246088450557,0.8143382352941176,0.0736528350033849,0.8978102189781022,0.8960893240551517,0.8988950217040794
0.09476055600680411,0.8805147058823529,0.08505475576789144,0.9343065693430657,0.93312415037234,0.9354598444039729
0.06724875684620416,0.9191176470588235,0.10097839260083674,0.9343065693430657,0.9299446521579641,0.9353615410007685
0.035133710790335844,0.9522058823529411,0.09885203628826073,0.9416058394160584,0.9315553494124923,0.9435507315069358
0.04465459347023635,0.9375,0.05977996835822018,0.9343065693430657,0.9319983877992204,0.9353148495722694
0.015547852845272433,0.9742647058823529,0.07374220074095522,0.9343065693430657,0.9319983877992204,0.9353148495722694
0.0297055754366979,0.9540441176470589,0.07153564860348322,0.9343065693430657,0.9319983877992204,0.9353148495722694
